{"0.50050000": {"0.00100000": [[[0, 0], 0], [[0.4889563893209124, 0.0], 1]], "0.30100000": [[[0, 0], 0], [[0.0, 0.4633873736792413], 0], [[0.4889563893209124, 0.0], 0], [[0.994727209144499, 0.9850476145505664], 1]], "0.60100000": [[[0, 0], 0], [[0.0, 0.49253945915751696], 0], [[0.4889563893209124, 0.0], 0], [[0.9947890250601887, 0.9964011425988122], 1]], "0.90100000": [[[0, 0], 0], [[0.0, 0.4967814313967084], 0], [[0.4889563893209124, 0.0], 0], [[0.9947997396890046, 0.9984102390568651], 1]]}, "0.75025000": {"0.00100000": [[[0, 0], 0], [[0.4953081958120316, 0.0], 1]], "0.30100000": [[[0, 0], 0], [[0.0, 0.4633873736792413], 0], [[0.4953081958120316, 0.0], 0], [[0.9976782876402519, 0.9850945554758647], 1]], "0.60100000": [[[0, 0], 0], [[0.0, 0.49253945915751696], 0], [[0.4953081958120316, 0.0], 0], [[0.9977051247245945, 0.996411838596175], 1]], "0.90100000": [[[0, 0], 0], [[0.0, 0.4967814313967084], 0], [[0.4953081958120316, 0.0], 0], [[0.9977097784406369, 0.9984149194930669], 1]]}, "0.25075000": {"0.00100000": [[[0, 0], 0], [[0.4378865220160658, 0.0], 1]], "0.30100000": [[[0, 0], 0], [[0.0, 0.4633873736792413], 0], [[0.4378865220160659, 0.0], 0], [[0.9776349043560406, 0.9847666566571954], 1]], "0.60100000": [[[0, 0], 0], [[0.0, 0.49253945915751696], 0], [[0.43788652201606587, 0.0], 0], [[0.9779203689753306, 0.996337350776412], 1]], "0.90100000": [[[0, 0], 0], [[0.0, 0.4967814313967084], 0], [[0.43788652201606587, 0.0], 0], [[0.9779697474638365, 0.9983823377131092], 1]]}, "0.00100000": {"0.00100000": [[[0, 0], 1]], "0.30100000": [[[0, 0], 0], [[0.0, 0.4633873736792413], 1]], "0.60100000": [[[0, 0], 0], [[0.0, 0.49253945915751696], 1]], "0.90100000": [[[0, 0], 0], [[0.0, 0.4967814313967084], 1]]}}